<?xml version="1.0" encoding="UTF-8"?>
<project-private xmlns="http://www.netbeans.org/ns/project-private/1">
    <editor-bookmarks xmlns="http://www.netbeans.org/ns/editor-bookmarks/2" lastBookmarkId="0"/>
    <open-files xmlns="http://www.netbeans.org/ns/projectui-open-files/2">
        <group>
            <file>file:/C:/xampp/htdocs/ci/application/config/autoload.php</file>
            <file>file:/C:/xampp/htdocs/ci/application/config/routes.php</file>
            <file>file:/C:/xampp/htdocs/ci/application/controllers/Pagina.php</file>
            <file>file:/C:/xampp/htdocs/ci/.htacess</file>
            <file>file:/C:/xampp/htdocs/ci/application/config/config.php</file>
            <file>file:/C:/xampp/htdocs/ci/application/views/teste.php</file>
            <file>file:/C:/xampp/htdocs/ci/application/models/Exemplo_model.php</file>
            <file>file:/C:/xampp/htdocs/ci/application/controllers/Base.php</file>
        </group>
    </open-files>
</project-private>
